run,models,rules,train_0,train_1,test_0,test_1,lm_accuracy,lm_precision,lm_recall,lm_ROCAUC,lm_f1,lm_CM_TN,lm_CM_FP,lm_CM_FN,lm_CM_TP,mlv_accuracy,mlv_precision,mlv_recall,mlv_ROCAUC,mlv_f1,mlv_CM_TN,mlv_CM_FP,mlv_CM_FN,mlv_CM_TP
1.0,1,0,91.0,314.0,22.0,78.0,0.91,0.8965517241379308,1.0,0.7954545454545454,0.9454545454545454,13.0,9.0,0.0,78.0,0.91,0.8965517241379308,1.0,0.7954545454545454,0.9454545454545454,13.0,9.0,0.0,78.0
2.0,1,0,88.0,312.0,22.0,78.0,0.87,0.8571428571428571,1.0,0.7045454545454546,0.923076923076923,9.0,13.0,0.0,78.0,0.87,0.8571428571428571,1.0,0.7045454545454546,0.923076923076923,9.0,13.0,0.0,78.0
3.0,1,0,91.0,314.0,22.0,78.0,0.86,0.8555555555555555,0.9871794871794872,0.6981351981351982,0.9166666666666666,9.0,13.0,1.0,77.0,0.86,0.8555555555555555,0.9871794871794872,0.6981351981351982,0.9166666666666666,9.0,13.0,1.0,77.0
4.0,1,0,91.0,314.0,22.0,78.0,0.91,0.8965517241379308,1.0,0.7954545454545454,0.9454545454545454,13.0,9.0,0.0,78.0,0.91,0.8965517241379308,1.0,0.7954545454545454,0.9454545454545454,13.0,9.0,0.0,78.0
5.0,1,0,88.0,312.0,25.0,80.0,0.8571428571428571,0.8494623655913979,0.9875,0.71375,0.9132947976878614,11.0,14.0,1.0,79.0,0.8571428571428571,0.8494623655913979,0.9875,0.71375,0.9132947976878614,11.0,14.0,1.0,79.0
1.0,1,1,91.0,314.0,22.0,78.0,0.78,0.78,1.0,0.5,0.8764044943820225,0.0,22.0,0.0,78.0,0.85,0.8387096774193549,1.0,0.6590909090909092,0.912280701754386,7.0,15.0,0.0,78.0
2.0,1,1,88.0,312.0,22.0,78.0,0.78,0.78,1.0,0.5,0.8764044943820225,0.0,22.0,0.0,78.0,0.82,0.8125,1.0,0.5909090909090908,0.8965517241379308,4.0,18.0,0.0,78.0
3.0,1,1,91.0,314.0,22.0,78.0,0.78,0.78,1.0,0.5,0.8764044943820225,0.0,22.0,0.0,78.0,0.86,0.8478260869565217,1.0,0.6818181818181819,0.9176470588235294,8.0,14.0,0.0,78.0
4.0,1,1,91.0,314.0,22.0,78.0,0.78,0.78,1.0,0.5,0.8764044943820225,0.0,22.0,0.0,78.0,0.84,0.8297872340425532,1.0,0.6363636363636364,0.9069767441860463,6.0,16.0,0.0,78.0
5.0,1,1,88.0,312.0,25.0,80.0,0.7619047619047619,0.7619047619047619,1.0,0.5,0.8648648648648648,0.0,25.0,0.0,80.0,0.8380952380952381,0.8247422680412371,1.0,0.6599999999999999,0.9039548022598872,8.0,17.0,0.0,80.0
1.0,1,2,91.0,314.0,22.0,78.0,0.88,0.875,0.9871794871794872,0.7435897435897436,0.927710843373494,11.0,11.0,1.0,77.0,0.85,0.8387096774193549,1.0,0.6590909090909092,0.912280701754386,7.0,15.0,0.0,78.0
2.0,1,2,88.0,312.0,22.0,78.0,0.81,0.8041237113402062,1.0,0.5681818181818181,0.8914285714285715,3.0,19.0,0.0,78.0,0.84,0.8297872340425532,1.0,0.6363636363636364,0.9069767441860463,6.0,16.0,0.0,78.0
3.0,1,2,91.0,314.0,22.0,78.0,0.88,0.875,0.9871794871794872,0.7435897435897436,0.927710843373494,11.0,11.0,1.0,77.0,0.84,0.8369565217391305,0.9871794871794872,0.6526806526806528,0.9058823529411766,7.0,15.0,1.0,77.0
4.0,1,2,91.0,314.0,22.0,78.0,0.87,0.8571428571428571,1.0,0.7045454545454546,0.923076923076923,9.0,13.0,0.0,78.0,0.89,0.8764044943820225,1.0,0.75,0.934131736526946,11.0,11.0,0.0,78.0
5.0,1,2,88.0,312.0,25.0,80.0,0.8,0.7920792079207921,1.0,0.5800000000000001,0.8839779005524863,4.0,21.0,0.0,80.0,0.8095238095238095,0.8,1.0,0.6,0.8888888888888891,5.0,20.0,0.0,80.0
1.0,1,3,91.0,314.0,22.0,78.0,0.82,0.8125,1.0,0.5909090909090908,0.8965517241379308,4.0,18.0,0.0,78.0,0.85,0.8387096774193549,1.0,0.6590909090909092,0.912280701754386,7.0,15.0,0.0,78.0
2.0,1,3,88.0,312.0,22.0,78.0,0.82,0.8125,1.0,0.5909090909090908,0.8965517241379308,4.0,18.0,0.0,78.0,0.88,0.8666666666666667,1.0,0.7272727272727273,0.9285714285714286,10.0,12.0,0.0,78.0
3.0,1,3,91.0,314.0,22.0,78.0,0.82,0.8125,1.0,0.5909090909090908,0.8965517241379308,4.0,18.0,0.0,78.0,0.85,0.8387096774193549,1.0,0.6590909090909092,0.912280701754386,7.0,15.0,0.0,78.0
4.0,1,3,91.0,314.0,22.0,78.0,0.88,0.8666666666666667,1.0,0.7272727272727273,0.9285714285714286,10.0,12.0,0.0,78.0,0.84,0.8297872340425532,1.0,0.6363636363636364,0.9069767441860463,6.0,16.0,0.0,78.0
5.0,1,3,88.0,312.0,25.0,80.0,0.8190476190476189,0.8144329896907216,0.9875,0.63375,0.8926553672316384,7.0,18.0,1.0,79.0,0.8476190476190476,0.8478260869565217,0.975,0.7075,0.9069767441860466,11.0,14.0,2.0,78.0
1.0,1,4,91.0,314.0,22.0,78.0,0.89,0.8764044943820225,1.0,0.75,0.934131736526946,11.0,11.0,0.0,78.0,0.86,0.8478260869565217,1.0,0.6818181818181819,0.9176470588235294,8.0,14.0,0.0,78.0
2.0,1,4,88.0,312.0,22.0,78.0,0.88,0.875,0.9871794871794872,0.7435897435897436,0.927710843373494,11.0,11.0,1.0,77.0,0.86,0.8555555555555555,0.9871794871794872,0.6981351981351982,0.9166666666666666,9.0,13.0,1.0,77.0
3.0,1,4,91.0,314.0,22.0,78.0,0.88,0.875,0.9871794871794872,0.7435897435897436,0.927710843373494,11.0,11.0,1.0,77.0,0.84,0.8369565217391305,0.9871794871794872,0.6526806526806528,0.9058823529411766,7.0,15.0,1.0,77.0
4.0,1,4,91.0,314.0,22.0,78.0,0.83,0.8210526315789474,1.0,0.6136363636363636,0.9017341040462428,5.0,17.0,0.0,78.0,0.85,0.8387096774193549,1.0,0.6590909090909092,0.912280701754386,7.0,15.0,0.0,78.0
5.0,1,4,88.0,312.0,25.0,80.0,0.9047619047619048,0.8888888888888888,1.0,0.8,0.9411764705882352,15.0,10.0,0.0,80.0,0.8571428571428571,0.8421052631578947,1.0,0.7,0.9142857142857144,10.0,15.0,0.0,80.0
1.0,1,5,91.0,314.0,22.0,78.0,0.84,0.8297872340425532,1.0,0.6363636363636364,0.9069767441860463,6.0,16.0,0.0,78.0,0.87,0.8651685393258427,0.9871794871794872,0.7208624708624709,0.9221556886227544,10.0,12.0,1.0,77.0
2.0,1,5,88.0,312.0,22.0,78.0,0.79,0.7878787878787878,1.0,0.5227272727272727,0.8813559322033898,1.0,21.0,0.0,78.0,0.84,0.8297872340425532,1.0,0.6363636363636364,0.9069767441860463,6.0,16.0,0.0,78.0
3.0,1,5,91.0,314.0,22.0,78.0,0.83,0.8279569892473119,0.9871794871794872,0.62995337995338,0.9005847953216375,6.0,16.0,1.0,77.0,0.87,0.8651685393258427,0.9871794871794872,0.7208624708624709,0.9221556886227544,10.0,12.0,1.0,77.0
4.0,1,5,91.0,314.0,22.0,78.0,0.88,0.8666666666666667,1.0,0.7272727272727273,0.9285714285714286,10.0,12.0,0.0,78.0,0.86,0.8478260869565217,1.0,0.6818181818181819,0.9176470588235294,8.0,14.0,0.0,78.0
5.0,1,5,88.0,312.0,25.0,80.0,0.8095238095238095,0.8,1.0,0.6,0.8888888888888891,5.0,20.0,0.0,80.0,0.8571428571428571,0.8421052631578947,1.0,0.7,0.9142857142857144,10.0,15.0,0.0,80.0
1.0,1,6,91.0,314.0,22.0,78.0,0.87,0.8571428571428571,1.0,0.7045454545454546,0.923076923076923,9.0,13.0,0.0,78.0,0.87,0.8571428571428571,1.0,0.7045454545454546,0.923076923076923,9.0,13.0,0.0,78.0
2.0,1,6,88.0,312.0,22.0,78.0,0.86,0.8478260869565217,1.0,0.6818181818181819,0.9176470588235294,8.0,14.0,0.0,78.0,0.86,0.8478260869565217,1.0,0.6818181818181819,0.9176470588235294,8.0,14.0,0.0,78.0
3.0,1,6,91.0,314.0,22.0,78.0,0.92,0.9069767441860463,1.0,0.8181818181818181,0.951219512195122,14.0,8.0,0.0,78.0,0.92,0.9069767441860463,1.0,0.8181818181818181,0.951219512195122,14.0,8.0,0.0,78.0
4.0,1,6,91.0,314.0,22.0,78.0,0.88,0.8837209302325582,0.9743589743589745,0.7599067599067599,0.9268292682926832,12.0,10.0,2.0,76.0,0.88,0.8837209302325582,0.9743589743589745,0.7599067599067599,0.9268292682926832,12.0,10.0,2.0,76.0
5.0,1,6,88.0,312.0,25.0,80.0,0.8761904761904762,0.8602150537634409,1.0,0.74,0.9248554913294798,12.0,13.0,0.0,80.0,0.8761904761904762,0.8602150537634409,1.0,0.74,0.9248554913294798,12.0,13.0,0.0,80.0
1.0,1,7,91.0,314.0,22.0,78.0,0.84,0.8297872340425532,1.0,0.6363636363636364,0.9069767441860463,6.0,16.0,0.0,78.0,0.86,0.8478260869565217,1.0,0.6818181818181819,0.9176470588235294,8.0,14.0,0.0,78.0
2.0,1,7,88.0,312.0,22.0,78.0,0.81,0.8041237113402062,1.0,0.5681818181818181,0.8914285714285715,3.0,19.0,0.0,78.0,0.84,0.8297872340425532,1.0,0.6363636363636364,0.9069767441860463,6.0,16.0,0.0,78.0
3.0,1,7,91.0,314.0,22.0,78.0,0.82,0.8191489361702128,0.9871794871794872,0.6072261072261073,0.8953488372093025,5.0,17.0,1.0,77.0,0.86,0.8555555555555555,0.9871794871794872,0.6981351981351982,0.9166666666666666,9.0,13.0,1.0,77.0
4.0,1,7,91.0,314.0,22.0,78.0,0.81,0.8041237113402062,1.0,0.5681818181818181,0.8914285714285715,3.0,19.0,0.0,78.0,0.85,0.8387096774193549,1.0,0.6590909090909092,0.912280701754386,7.0,15.0,0.0,78.0
5.0,1,7,88.0,312.0,25.0,80.0,0.8,0.7920792079207921,1.0,0.5800000000000001,0.8839779005524863,4.0,21.0,0.0,80.0,0.8380952380952381,0.8247422680412371,1.0,0.6599999999999999,0.9039548022598872,8.0,17.0,0.0,80.0
1.0,1,8,91.0,314.0,22.0,78.0,0.87,0.8651685393258427,0.9871794871794872,0.7208624708624709,0.9221556886227544,10.0,12.0,1.0,77.0,0.88,0.8666666666666667,1.0,0.7272727272727273,0.9285714285714286,10.0,12.0,0.0,78.0
2.0,1,8,88.0,312.0,22.0,78.0,0.87,0.8571428571428571,1.0,0.7045454545454546,0.923076923076923,9.0,13.0,0.0,78.0,0.86,0.8478260869565217,1.0,0.6818181818181819,0.9176470588235294,8.0,14.0,0.0,78.0
3.0,1,8,91.0,314.0,22.0,78.0,0.86,0.8478260869565217,1.0,0.6818181818181819,0.9176470588235294,8.0,14.0,0.0,78.0,0.85,0.8387096774193549,1.0,0.6590909090909092,0.912280701754386,7.0,15.0,0.0,78.0
4.0,1,8,91.0,314.0,22.0,78.0,0.94,0.9285714285714286,1.0,0.8636363636363636,0.962962962962963,16.0,6.0,0.0,78.0,0.92,0.9069767441860463,1.0,0.8181818181818181,0.951219512195122,14.0,8.0,0.0,78.0
5.0,1,8,88.0,312.0,25.0,80.0,0.8666666666666667,0.8586956521739131,0.9875,0.73375,0.9186046511627908,12.0,13.0,1.0,79.0,0.8476190476190476,0.8404255319148937,0.9875,0.6937500000000001,0.9080459770114944,10.0,15.0,1.0,79.0
1.0,1,9,91.0,314.0,22.0,78.0,0.78,0.78,1.0,0.5,0.8764044943820225,0.0,22.0,0.0,78.0,0.84,0.8297872340425532,1.0,0.6363636363636364,0.9069767441860463,6.0,16.0,0.0,78.0
2.0,1,9,88.0,312.0,22.0,78.0,0.78,0.78,1.0,0.5,0.8764044943820225,0.0,22.0,0.0,78.0,0.81,0.8105263157894737,0.9871794871794872,0.5844988344988346,0.8901734104046243,4.0,18.0,1.0,77.0
3.0,1,9,91.0,314.0,22.0,78.0,0.78,0.78,1.0,0.5,0.8764044943820225,0.0,22.0,0.0,78.0,0.83,0.8210526315789474,1.0,0.6136363636363636,0.9017341040462428,5.0,17.0,0.0,78.0
4.0,1,9,91.0,314.0,22.0,78.0,0.78,0.78,1.0,0.5,0.8764044943820225,0.0,22.0,0.0,78.0,0.85,0.8461538461538461,0.9871794871794872,0.6754079254079255,0.9112426035502958,8.0,14.0,1.0,77.0
5.0,1,9,88.0,312.0,25.0,80.0,0.7619047619047619,0.7619047619047619,1.0,0.5,0.8648648648648648,0.0,25.0,0.0,80.0,0.8571428571428571,0.8421052631578947,1.0,0.7,0.9142857142857144,10.0,15.0,0.0,80.0
1.0,1,10,91.0,314.0,22.0,78.0,0.78,0.78,1.0,0.5,0.8764044943820225,0.0,22.0,0.0,78.0,0.87,0.8571428571428571,1.0,0.7045454545454546,0.923076923076923,9.0,13.0,0.0,78.0
2.0,1,10,88.0,312.0,22.0,78.0,0.79,0.7878787878787878,1.0,0.5227272727272727,0.8813559322033898,1.0,21.0,0.0,78.0,0.85,0.8387096774193549,1.0,0.6590909090909092,0.912280701754386,7.0,15.0,0.0,78.0
3.0,1,10,91.0,314.0,22.0,78.0,0.78,0.78,1.0,0.5,0.8764044943820225,0.0,22.0,0.0,78.0,0.81,0.8041237113402062,1.0,0.5681818181818181,0.8914285714285715,3.0,19.0,0.0,78.0
4.0,1,10,91.0,314.0,22.0,78.0,0.8,0.7959183673469388,1.0,0.5454545454545454,0.8863636363636364,2.0,20.0,0.0,78.0,0.82,0.8125,1.0,0.5909090909090908,0.8965517241379308,4.0,18.0,0.0,78.0
5.0,1,10,88.0,312.0,25.0,80.0,0.7809523809523811,0.7766990291262136,1.0,0.54,0.8743169398907104,2.0,23.0,0.0,80.0,0.8571428571428571,0.8421052631578947,1.0,0.7,0.9142857142857144,10.0,15.0,0.0,80.0
1.0,1,11,91.0,314.0,22.0,78.0,0.29,0.8181818181818182,0.1153846153846154,0.5122377622377622,0.20224719101123595,20.0,2.0,69.0,9.0,0.65,0.9056603773584906,0.6153846153846154,0.6940559440559441,0.7328244274809161,17.0,5.0,30.0,48.0
2.0,1,11,88.0,312.0,22.0,78.0,0.28,0.875,0.08974358974358974,0.5221445221445221,0.1627906976744186,21.0,1.0,71.0,7.0,0.62,0.9166666666666666,0.5641025641025641,0.6911421911421911,0.6984126984126983,18.0,4.0,34.0,44.0
3.0,1,11,91.0,314.0,22.0,78.0,0.28,0.875,0.08974358974358974,0.5221445221445221,0.1627906976744186,21.0,1.0,71.0,7.0,0.6,0.8653846153846154,0.5769230769230769,0.6293706293706294,0.6923076923076923,15.0,7.0,33.0,45.0
4.0,1,11,91.0,314.0,22.0,78.0,0.27,1.0,0.0641025641025641,0.532051282051282,0.12048192771084335,22.0,0.0,73.0,5.0,0.62,0.9,0.5769230769230769,0.6748251748251748,0.7031249999999999,17.0,5.0,33.0,45.0
5.0,1,11,88.0,312.0,25.0,80.0,0.3142857142857143,0.8333333333333334,0.125,0.5225000000000001,0.21739130434782608,23.0,2.0,70.0,10.0,0.6571428571428571,0.8928571428571429,0.625,0.6925,0.7352941176470589,19.0,6.0,30.0,50.0
1.0,1,12,91.0,314.0,22.0,78.0,0.84,0.8297872340425532,1.0,0.6363636363636364,0.9069767441860463,6.0,16.0,0.0,78.0,0.84,0.8297872340425532,1.0,0.6363636363636364,0.9069767441860463,6.0,16.0,0.0,78.0
2.0,1,12,88.0,312.0,22.0,78.0,0.91,0.8965517241379308,1.0,0.7954545454545454,0.9454545454545454,13.0,9.0,0.0,78.0,0.91,0.8965517241379308,1.0,0.7954545454545454,0.9454545454545454,13.0,9.0,0.0,78.0
3.0,1,12,91.0,314.0,22.0,78.0,0.91,0.9058823529411764,0.9871794871794872,0.8117715617715618,0.9447852760736196,14.0,8.0,1.0,77.0,0.91,0.9058823529411764,0.9871794871794872,0.8117715617715618,0.9447852760736196,14.0,8.0,1.0,77.0
4.0,1,12,91.0,314.0,22.0,78.0,0.87,0.8651685393258427,0.9871794871794872,0.7208624708624709,0.9221556886227544,10.0,12.0,1.0,77.0,0.87,0.8651685393258427,0.9871794871794872,0.7208624708624709,0.9221556886227544,10.0,12.0,1.0,77.0
5.0,1,12,88.0,312.0,25.0,80.0,0.8761904761904762,0.8602150537634409,1.0,0.74,0.9248554913294798,12.0,13.0,0.0,80.0,0.8761904761904762,0.8602150537634409,1.0,0.74,0.9248554913294798,12.0,13.0,0.0,80.0
1.0,1,"3,8,12",91.0,314.0,22.0,78.0,0.84,0.8297872340425532,1.0,0.6363636363636364,0.9069767441860463,6.0,16.0,0.0,78.0,0.83,0.8210526315789474,1.0,0.6136363636363636,0.9017341040462428,5.0,17.0,0.0,78.0
2.0,1,"3,8,12",88.0,312.0,22.0,78.0,0.89,0.8764044943820225,1.0,0.75,0.934131736526946,11.0,11.0,0.0,78.0,0.85,0.8387096774193549,1.0,0.6590909090909092,0.912280701754386,7.0,15.0,0.0,78.0
3.0,1,"3,8,12",91.0,314.0,22.0,78.0,0.89,0.8764044943820225,1.0,0.75,0.934131736526946,11.0,11.0,0.0,78.0,0.87,0.8571428571428571,1.0,0.7045454545454546,0.923076923076923,9.0,13.0,0.0,78.0
4.0,1,"3,8,12",91.0,314.0,22.0,78.0,0.85,0.8461538461538461,0.9871794871794872,0.6754079254079255,0.9112426035502958,8.0,14.0,1.0,77.0,0.85,0.8461538461538461,0.9871794871794872,0.6754079254079255,0.9112426035502958,8.0,14.0,1.0,77.0
5.0,1,"3,8,12",88.0,312.0,25.0,80.0,0.8476190476190476,0.8333333333333334,1.0,0.6799999999999999,0.9090909090909092,9.0,16.0,0.0,80.0,0.8285714285714286,0.8163265306122449,1.0,0.64,0.8988764044943821,7.0,18.0,0.0,80.0
1.0,1,"3,4,8,12",91.0,314.0,22.0,78.0,0.85,0.8387096774193549,1.0,0.6590909090909092,0.912280701754386,7.0,15.0,0.0,78.0,0.85,0.8387096774193549,1.0,0.6590909090909092,0.912280701754386,7.0,15.0,0.0,78.0
2.0,1,"3,4,8,12",88.0,312.0,22.0,78.0,0.79,0.7878787878787878,1.0,0.5227272727272727,0.8813559322033898,1.0,21.0,0.0,78.0,0.79,0.7878787878787878,1.0,0.5227272727272727,0.8813559322033898,1.0,21.0,0.0,78.0
3.0,1,"3,4,8,12",91.0,314.0,22.0,78.0,0.8,0.8020833333333334,0.9871794871794872,0.5617715617715618,0.8850574712643677,3.0,19.0,1.0,77.0,0.8,0.8020833333333334,0.9871794871794872,0.5617715617715618,0.8850574712643677,3.0,19.0,1.0,77.0
4.0,1,"3,4,8,12",91.0,314.0,22.0,78.0,0.8,0.7959183673469388,1.0,0.5454545454545454,0.8863636363636364,2.0,20.0,0.0,78.0,0.8,0.7959183673469388,1.0,0.5454545454545454,0.8863636363636364,2.0,20.0,0.0,78.0
5.0,1,"3,4,8,12",88.0,312.0,25.0,80.0,0.8190476190476189,0.8080808080808081,1.0,0.62,0.893854748603352,6.0,19.0,0.0,80.0,0.8190476190476189,0.8080808080808081,1.0,0.62,0.893854748603352,6.0,19.0,0.0,80.0
1.0,5,0,91.0,314.0,22.0,78.0,0.93,0.9176470588235294,1.0,0.8409090909090909,0.9570552147239264,15.0,7.0,0.0,78.0,0.93,0.9176470588235294,1.0,0.8409090909090909,0.9570552147239264,15.0,7.0,0.0,78.0
2.0,5,0,88.0,312.0,22.0,78.0,0.93,0.9176470588235294,1.0,0.8409090909090909,0.9570552147239264,15.0,7.0,0.0,78.0,0.93,0.9176470588235294,1.0,0.8409090909090909,0.9570552147239264,15.0,7.0,0.0,78.0
3.0,5,0,91.0,314.0,22.0,78.0,0.9,0.8953488372093024,0.9871794871794872,0.789044289044289,0.9390243902439024,13.0,9.0,1.0,77.0,0.9,0.8953488372093024,0.9871794871794872,0.789044289044289,0.9390243902439024,13.0,9.0,1.0,77.0
4.0,5,0,91.0,314.0,22.0,78.0,0.9,0.8863636363636364,1.0,0.7727272727272727,0.9397590361445785,12.0,10.0,0.0,78.0,0.9,0.8863636363636364,1.0,0.7727272727272727,0.9397590361445785,12.0,10.0,0.0,78.0
5.0,5,0,88.0,312.0,25.0,80.0,0.9047619047619048,0.8977272727272727,0.9875,0.81375,0.9404761904761904,16.0,9.0,1.0,79.0,0.9047619047619048,0.8977272727272727,0.9875,0.81375,0.9404761904761904,16.0,9.0,1.0,79.0
1.0,5,"3,8,12",91.0,314.0,22.0,78.0,0.86,0.8478260869565217,1.0,0.6818181818181819,0.9176470588235294,8.0,14.0,0.0,78.0,0.84,0.8297872340425532,1.0,0.6363636363636364,0.9069767441860463,6.0,16.0,0.0,78.0
2.0,5,"3,8,12",88.0,312.0,22.0,78.0,0.9,0.8863636363636364,1.0,0.7727272727272727,0.9397590361445785,12.0,10.0,0.0,78.0,0.87,0.8571428571428571,1.0,0.7045454545454546,0.923076923076923,9.0,13.0,0.0,78.0
3.0,5,"3,8,12",91.0,314.0,22.0,78.0,0.84,0.8369565217391305,0.9871794871794872,0.6526806526806528,0.9058823529411766,7.0,15.0,1.0,77.0,0.85,0.8461538461538461,0.9871794871794872,0.6754079254079255,0.9112426035502958,8.0,14.0,1.0,77.0
4.0,5,"3,8,12",91.0,314.0,22.0,78.0,0.89,0.8764044943820225,1.0,0.75,0.934131736526946,11.0,11.0,0.0,78.0,0.87,0.8571428571428571,1.0,0.7045454545454546,0.923076923076923,9.0,13.0,0.0,78.0
5.0,5,"3,8,12",88.0,312.0,25.0,80.0,0.9047619047619048,0.8888888888888888,1.0,0.8,0.9411764705882352,15.0,10.0,0.0,80.0,0.8666666666666667,0.851063829787234,1.0,0.72,0.9195402298850576,11.0,14.0,0.0,80.0
1.0,6,0,91.0,314.0,22.0,78.0,0.1,0.0,0.0,0.2272727272727273,0.0,10.0,12.0,78.0,0.0,0.1,0.0,0.0,0.2272727272727273,0.0,10.0,12.0,78.0,0.0
2.0,6,0,88.0,312.0,22.0,78.0,0.13,0.0,0.0,0.2954545454545454,0.0,13.0,9.0,78.0,0.0,0.13,0.0,0.0,0.2954545454545454,0.0,13.0,9.0,78.0,0.0
3.0,6,0,91.0,314.0,22.0,78.0,0.13,0.09090909090909093,0.01282051282051282,0.2791375291375291,0.02247191011235955,12.0,10.0,77.0,1.0,0.13,0.09090909090909093,0.01282051282051282,0.2791375291375291,0.02247191011235955,12.0,10.0,77.0,1.0
4.0,6,0,91.0,314.0,22.0,78.0,0.09,0.06666666666666668,0.01282051282051282,0.18822843822843824,0.021505376344086027,8.0,14.0,77.0,1.0,0.09,0.06666666666666668,0.01282051282051282,0.18822843822843824,0.021505376344086027,8.0,14.0,77.0,1.0
5.0,6,0,88.0,312.0,25.0,80.0,0.1523809523809524,0.0,0.0,0.32,0.0,16.0,9.0,80.0,0.0,0.1523809523809524,0.0,0.0,0.32,0.0,16.0,9.0,80.0,0.0
1.0,6,"3,8,12",91.0,314.0,22.0,78.0,0.78,0.78,1.0,0.5,0.8764044943820225,0.0,22.0,0.0,78.0,0.63,0.7808219178082192,0.7307692307692307,0.5017482517482518,0.7549668874172185,6.0,16.0,21.0,57.0
2.0,6,"3,8,12",88.0,312.0,22.0,78.0,0.78,0.78,1.0,0.5,0.8764044943820225,0.0,22.0,0.0,78.0,0.66,0.7894736842105263,0.7692307692307693,0.5209790209790209,0.7792207792207793,6.0,16.0,18.0,60.0
3.0,6,"3,8,12",91.0,314.0,22.0,78.0,0.78,0.78,1.0,0.5,0.8764044943820225,0.0,22.0,0.0,78.0,0.67,0.8082191780821918,0.7564102564102564,0.5600233100233101,0.781456953642384,8.0,14.0,19.0,59.0
4.0,6,"3,8,12",91.0,314.0,22.0,78.0,0.78,0.78,1.0,0.5,0.8764044943820225,0.0,22.0,0.0,78.0,0.66,0.7682926829268293,0.8076923076923077,0.47202797202797203,0.7875,3.0,19.0,15.0,63.0
5.0,6,"3,8,12",88.0,312.0,25.0,80.0,0.7619047619047619,0.7619047619047619,1.0,0.5,0.8648648648648648,0.0,25.0,0.0,80.0,0.6476190476190476,0.7654320987654321,0.775,0.5075000000000001,0.7701863354037267,6.0,19.0,18.0,62.0
1.0,10,0,91.0,314.0,22.0,78.0,0.09,0.06666666666666668,0.01282051282051282,0.18822843822843824,0.021505376344086027,8.0,14.0,77.0,1.0,0.09,0.06666666666666668,0.01282051282051282,0.18822843822843824,0.021505376344086027,8.0,14.0,77.0,1.0
2.0,10,0,88.0,312.0,22.0,78.0,0.07,0.0,0.0,0.15909090909090912,0.0,7.0,15.0,78.0,0.0,0.07,0.0,0.0,0.15909090909090912,0.0,7.0,15.0,78.0,0.0
3.0,10,0,91.0,314.0,22.0,78.0,0.1,0.07142857142857142,0.01282051282051282,0.21095571095571086,0.021739130434782608,9.0,13.0,77.0,1.0,0.1,0.07142857142857142,0.01282051282051282,0.21095571095571086,0.021739130434782608,9.0,13.0,77.0,1.0
4.0,10,0,91.0,314.0,22.0,78.0,0.08,0.0625,0.01282051282051282,0.16550116550116553,0.02127659574468085,7.0,15.0,77.0,1.0,0.08,0.0625,0.01282051282051282,0.16550116550116553,0.02127659574468085,7.0,15.0,77.0,1.0
5.0,10,0,88.0,312.0,25.0,80.0,0.10476190476190476,0.0,0.0,0.22,0.0,11.0,14.0,80.0,0.0,0.10476190476190476,0.0,0.0,0.22,0.0,11.0,14.0,80.0,0.0
1.0,10,"3,8,12",91.0,314.0,22.0,78.0,0.78,0.78,1.0,0.5,0.8764044943820225,0.0,22.0,0.0,78.0,0.69,0.7764705882352941,0.8461538461538461,0.4912587412587413,0.8098159509202454,3.0,19.0,12.0,66.0
2.0,10,"3,8,12",88.0,312.0,22.0,78.0,0.78,0.78,1.0,0.5,0.8764044943820225,0.0,22.0,0.0,78.0,0.62,0.7631578947368421,0.7435897435897436,0.4627039627039627,0.7532467532467534,4.0,18.0,20.0,58.0
3.0,10,"3,8,12",91.0,314.0,22.0,78.0,0.78,0.78,1.0,0.5,0.8764044943820225,0.0,22.0,0.0,78.0,0.58,0.7432432432432432,0.7051282051282052,0.4207459207459208,0.7236842105263159,3.0,19.0,23.0,55.0
4.0,10,"3,8,12",91.0,314.0,22.0,78.0,0.78,0.78,1.0,0.5,0.8764044943820225,0.0,22.0,0.0,78.0,0.64,0.7560975609756098,0.7948717948717948,0.4428904428904429,0.7749999999999999,2.0,20.0,16.0,62.0
5.0,10,"3,8,12",88.0,312.0,25.0,80.0,0.7619047619047619,0.7619047619047619,1.0,0.5,0.8648648648648648,0.0,25.0,0.0,80.0,0.6857142857142857,0.7640449438202247,0.85,0.505,0.8047337278106509,4.0,21.0,12.0,68.0
1.0,11,0,91.0,314.0,22.0,78.0,0.2,0.0,0.0,0.4545454545454545,0.0,20.0,2.0,78.0,0.0,0.2,0.0,0.0,0.4545454545454545,0.0,20.0,2.0,78.0,0.0
2.0,11,0,88.0,312.0,22.0,78.0,0.21,0.0,0.0,0.4772727272727273,0.0,21.0,1.0,78.0,0.0,0.21,0.0,0.0,0.4772727272727273,0.0,21.0,1.0,78.0,0.0
3.0,11,0,91.0,314.0,22.0,78.0,0.21,0.0,0.0,0.4772727272727273,0.0,21.0,1.0,78.0,0.0,0.21,0.0,0.0,0.4772727272727273,0.0,21.0,1.0,78.0,0.0
4.0,11,0,91.0,314.0,22.0,78.0,0.22,0.0,0.0,0.5,0.0,22.0,0.0,78.0,0.0,0.22,0.0,0.0,0.5,0.0,22.0,0.0,78.0,0.0
5.0,11,0,88.0,312.0,25.0,80.0,0.21904761904761905,0.0,0.0,0.46,0.0,23.0,2.0,80.0,0.0,0.21904761904761905,0.0,0.0,0.46,0.0,23.0,2.0,80.0,0.0
1.0,11,"3,8,12",91.0,314.0,22.0,78.0,0.78,0.78,1.0,0.5,0.8764044943820225,0.0,22.0,0.0,78.0,0.77,0.8985507246376812,0.7948717948717948,0.7383449883449883,0.8435374149659864,15.0,7.0,16.0,62.0
2.0,11,"3,8,12",88.0,312.0,22.0,78.0,0.78,0.78,1.0,0.5,0.8764044943820225,0.0,22.0,0.0,78.0,0.74,0.8611111111111112,0.7948717948717948,0.6701631701631701,0.8266666666666667,12.0,10.0,16.0,62.0
3.0,11,"3,8,12",91.0,314.0,22.0,78.0,0.78,0.78,1.0,0.5,0.8764044943820225,0.0,22.0,0.0,78.0,0.7,0.8529411764705882,0.7435897435897436,0.6445221445221445,0.7945205479452054,12.0,10.0,20.0,58.0
4.0,11,"3,8,12",91.0,314.0,22.0,78.0,0.78,0.78,1.0,0.5,0.8764044943820225,0.0,22.0,0.0,78.0,0.69,0.8405797101449275,0.7435897435897436,0.6217948717948718,0.7891156462585034,11.0,11.0,20.0,58.0
5.0,11,"3,8,12",88.0,312.0,25.0,80.0,0.7714285714285715,0.7692307692307693,1.0,0.52,0.8695652173913044,1.0,24.0,0.0,80.0,0.6952380952380952,0.7926829268292683,0.8125,0.5662499999999999,0.8024691358024691,8.0,17.0,15.0,65.0
1.0,15,0,91.0,314.0,22.0,78.0,0.21,0.3333333333333333,0.01282051282051282,0.4609557109557109,0.02469135802469136,20.0,2.0,77.0,1.0,0.21,0.3333333333333333,0.01282051282051282,0.4609557109557109,0.02469135802469136,20.0,2.0,77.0,1.0
2.0,15,0,88.0,312.0,22.0,78.0,0.21,0.0,0.0,0.4772727272727273,0.0,21.0,1.0,78.0,0.0,0.21,0.0,0.0,0.4772727272727273,0.0,21.0,1.0,78.0,0.0
3.0,15,0,91.0,314.0,22.0,78.0,0.22,0.0,0.0,0.5,0.0,22.0,0.0,78.0,0.0,0.22,0.0,0.0,0.5,0.0,22.0,0.0,78.0,0.0
4.0,15,0,91.0,314.0,22.0,78.0,0.2,0.25,0.01282051282051282,0.4382284382284382,0.024390243902439025,19.0,3.0,77.0,1.0,0.2,0.25,0.01282051282051282,0.4382284382284382,0.024390243902439025,19.0,3.0,77.0,1.0
5.0,15,0,88.0,312.0,25.0,80.0,0.22857142857142854,0.0,0.0,0.48,0.0,24.0,1.0,80.0,0.0,0.22857142857142854,0.0,0.0,0.48,0.0,24.0,1.0,80.0,0.0
1.0,15,"3,8,12",91.0,314.0,22.0,78.0,0.8,0.7959183673469388,1.0,0.5454545454545454,0.8863636363636364,2.0,20.0,0.0,78.0,0.68,0.8194444444444444,0.7564102564102564,0.5827505827505827,0.7866666666666666,9.0,13.0,19.0,59.0
2.0,15,"3,8,12",88.0,312.0,22.0,78.0,0.78,0.78,1.0,0.5,0.8764044943820225,0.0,22.0,0.0,78.0,0.78,0.868421052631579,0.8461538461538461,0.6958041958041957,0.8571428571428572,12.0,10.0,12.0,66.0
3.0,15,"3,8,12",91.0,314.0,22.0,78.0,0.78,0.78,1.0,0.5,0.8764044943820225,0.0,22.0,0.0,78.0,0.75,0.8354430379746836,0.8461538461538461,0.6276223776223776,0.840764331210191,9.0,13.0,12.0,66.0
4.0,15,"3,8,12",91.0,314.0,22.0,78.0,0.79,0.7878787878787878,1.0,0.5227272727272727,0.8813559322033898,1.0,21.0,0.0,78.0,0.64,0.8181818181818182,0.6923076923076923,0.5734265734265734,0.7500000000000001,10.0,12.0,24.0,54.0
5.0,15,"3,8,12",88.0,312.0,25.0,80.0,0.7714285714285715,0.7692307692307693,1.0,0.52,0.8695652173913044,1.0,24.0,0.0,80.0,0.7523809523809524,0.875,0.7875,0.7137500000000001,0.8289473684210527,16.0,9.0,17.0,63.0
